{"1": [0.6734922528266907, 0.766427218914032, 0.07988164424896241, 81.46875, 71.11182284355164, {"num_dscnn_layers": 2, "first_conv_filters": 32, "first_conv_kernel": [8, 4], "first_conv_stride": [1, 1], "depthwise_kernel": [3, 3], "pointwise_filters": 32, "pooling_function": "gap", "dropout_rate": 0.3}], "2": [0.38860780000686646, 0.8872040510177612, 0.08014747619628906, 186.6171875, 156.6029450893402, {"num_dscnn_layers": 6, "first_conv_filters": 32, "first_conv_kernel": [8, 4], "first_conv_stride": [1, 1], "depthwise_kernel": [3, 3], "pointwise_filters": 32, "pooling_function": "gap", "dropout_rate": 0.0}], "3": [0.2478628307580948, 0.9255120754241943, 0.08058328628540039, 259.84375, 95.28607201576233, {"num_dscnn_layers": 6, "first_conv_filters": 32, "first_conv_kernel": [10, 4], "first_conv_stride": [2, 2], "depthwise_kernel": [3, 3], "pointwise_filters": 64, "pooling_function": "max", "dropout_rate": 0.0}], "4": [0.24635981023311615, 0.9259111285209656, 0.08151440143585205, 114.84375, 46.23078751564026, {"num_dscnn_layers": 3, "first_conv_filters": 64, "first_conv_kernel": [8, 4], "first_conv_stride": [2, 2], "depthwise_kernel": [3, 3], "pointwise_filters": 32, "pooling_function": "max", "dropout_rate": 0.0}], "5": [0.19360148906707764, 0.942271888256073, 0.08052890300750733, 157.765625, 70.42168712615967, {"num_dscnn_layers": 2, "first_conv_filters": 64, "first_conv_kernel": [10, 4], "first_conv_stride": [2, 2], "depthwise_kernel": [5, 5], "pointwise_filters": 96, "pooling_function": "max", "dropout_rate": 0.0}], "6": [0.19937089085578918, 0.9378824234008789, 0.0832257890701294, 337.921875, 572.4989120960236, {"num_dscnn_layers": 5, "first_conv_filters": 32, "first_conv_kernel": [8, 4], "first_conv_stride": [1, 1], "depthwise_kernel": [5, 5], "pointwise_filters": 96, "pooling_function": "max", "dropout_rate": 0.3}], "7": [0.425491064786911, 0.8615323305130005, 0.08075769424438477, 110.984375, 164.33659434318542, {"num_dscnn_layers": 3, "first_conv_filters": 32, "first_conv_kernel": [10, 4], "first_conv_stride": [1, 1], "depthwise_kernel": [5, 5], "pointwise_filters": 32, "pooling_function": "gap", "dropout_rate": 0.0}], "8": [0.20015406608581543, 0.9402766823768616, 0.08082842826843262, 229.8125, 86.62203240394592, {"num_dscnn_layers": 5, "first_conv_filters": 64, "first_conv_kernel": [8, 4], "first_conv_stride": [2, 2], "depthwise_kernel": [3, 3], "pointwise_filters": 64, "pooling_function": "max", "dropout_rate": 0.0}], "9": [0.22730585932731628, 0.9273743033409119, 0.08285257816314698, 178.9375, 251.9134442806244, {"num_dscnn_layers": 4, "first_conv_filters": 32, "first_conv_kernel": [10, 4], "first_conv_stride": [1, 1], "depthwise_kernel": [3, 3], "pointwise_filters": 64, "pooling_function": "max", "dropout_rate": 0.2}], "10": [0.35088911652565, 0.8919925689697266, 0.08358745098114014, 187.8203125, 209.38853240013123, {"num_dscnn_layers": 6, "first_conv_filters": 32, "first_conv_kernel": [8, 4], "first_conv_stride": [1, 1], "depthwise_kernel": [3, 3], "pointwise_filters": 32, "pooling_function": "max", "dropout_rate": 0.2}]}