,Model,Train Loss,Train Acc,Val Loss,Val Acc,Test Loss,Test Acc
4,best_int8bo_dscnn.keras,0.04341179504990578,0.9948216676712036,0.15640421211719513,0.9531897902488708,0.14177903532981873,0.9570364356040955
1,best_rs_qat_dscnn.weights.h4,0.013995956629514694,0.9995373487472534,0.1755940318107605,0.9509161710739136,0.1574617624282837,0.9563713669776917
3,best_vabo_qat_dscnn.weights.h4,0.01345893181860447,0.9974019527435303,0.19613708555698395,0.9491775035858154,0.1650264859199524,0.9551742672920227
0,best_rs_dscnn.keras,0.014418059028685093,0.9991814494132996,0.17864340543746948,0.9503811597824097,0.16958898305892944,0.9545091986656189
5,best_int8bo_qat_dscnn.weights.h4,0.04374399036169052,0.9934514760971069,0.14954490959644318,0.954660952091217,0.14720948040485382,0.953977108001709
2,best_vabo_dscnn.keras,0.008302882313728333,0.9983628988265991,0.21497878432273865,0.9490437507629395,0.20016203820705414,0.9489225745201111
